gal,tipo,hu1,hu2,hu3,hu4,hu5,hu6,hu7
K0001,Sb,0.204590946682,0.015177057664,0.000663488257101,7.88697127391e-05,7.91723110428e-08,2.07986200287e-05,3.01566691752e-08
K0002,Sbc,0.17771418285,0.00577416995807,0.000817231464114,0.000523430628404,-1.9067882707e-09,2.98390892892e-06,8.47516538614e-09
